1,Gawen,Heeney
2,Emmie,McGowan
3,Ashly,Lidbetter
4,Gunar,Lopes
5,Frederic,Pilfold
6,Kelcey,Lipscomb
7,Lars,Klaas
8,Catie,Belleny
9,Rodd,Gumley
10,Gris,Lyard
11,Dana,Tollfree
12,Tracy,Payne
13,Katharina,Saffen
14,Purcell,Clatworthy
15,Arel,Windous
16,Neila,Mac
17,Lil,Ludlamme
18,Ezri,Pilbeam
19,Cecilia,Lowdes
20,Marya,Goldfinch
21,Hurley,Lawrenz
22,Ingaberg,Leathers
23,Laverna,Foxen
24,Mark,Orlton
25,Lorie,Di Filippo
26,Hildegarde,Cussins
27,Portia,Fishpoole
28,Mauricio,Dell'Abbate
29,Uriel,Formby
30,Weston,Atte-Stone
31,Auberon,Haskur
32,Faye,Burfield
33,Brod,Gyles
34,Gaston,Deeney
35,Marysa,Darracott
36,Dallon,Bellhanger
37,Willard,Peris
38,Ailbert,Ilyas
39,Burg,Nicely
40,Reg,Boyd
41,Mercedes,Couzens
42,Seamus,Taillard
43,Wolfgang,Hadny
44,Liliane,Irnys
45,Oralla,Phelips
46,Emmalee,Fillingham
47,Georgi,Jansen
48,Marena,Lynch
49,Ryann,Hubbucks
50,Callean,Zimmerman
51,Fields,Tammadge
52,Carmelia,Hoodlass
53,Stanley,Merida
54,Josias,Dobrowski
55,Haydon,Reggiani
56,Misha,Rodda
57,Olympia,Mayhow
58,Roanna,Cuthill
59,Sonya,Monkeman
60,Beck,Edgerley
61,Juliet,Kuhne
62,Colleen,MacArte
63,Eula,Lunney
64,Byrom,Sulman
65,Jeno,Sevitt
66,Tedda,Gilfoyle
67,Ab,Ions
68,Hurleigh,Bazek
69,Bendicty,Franzetti
70,Thor,Marcham
71,Ellen,Blodgetts
72,Verena,Romeuf
73,Gladys,Beddoe
74,Haskell,Redford
75,Tansy,Moulton
76,Garnet,Kinkade
77,Bruce,Duxbarry
78,Gabriello,Barling
79,Leonerd,Scottesmoor
80,Roana,Tills
81,Nessa,Kobpal
82,Iain,McPhilip
83,Aridatha,Howerd
84,Chip,Wigin
85,Erl,Biddy
86,Tobe,Crosen
87,Wesley,Redhouse
88,Paco,Ord
89,Stormie,Fluger
90,Bernadine,Sweatman
91,Ardene,Awmack
92,Kordula,Landers
93,Marrissa,Geeraert
94,Hobie,Camfield
95,Kenn,Feifer
96,Lotti,Ricket
97,Raeann,Hunnywell
98,Olimpia,Genty
99,Harley,Barnson
100,Clari,Tibols
101,Wylie,Erat
102,Rice,Loweth
103,Booth,Blaydon
104,Goran,Mainwaring
105,Celine,Iles
106,Jarib,Rilston
107,Any,Paunton
108,Isaac,Franek
109,Edith,Bravington
110,Garret,Riediger
111,Farleigh,Avis
112,Eudora,Maudett
113,Clarissa,Seabrocke
114,Lewes,Jopling
115,Marlow,Lambillion
116,Terencio,Sandes
117,Shayne,Degan
118,Janean,Moulton
119,Mel,Sworn
120,Darwin,de Aguirre
121,Waverly,Semerad
122,Fransisco,Karolewski
123,Hilary,Coghlan
124,Evonne,Earwaker
125,Kermy,Coram
126,Debera,Yglesia
127,Raul,Bridel
128,Eba,Stansbie
129,Wilt,Furney
130,Ashil,Easthope
131,Prinz,Gouinlock
132,Mitchell,Clayson
133,Shawn,Ault
134,Vail,McCullough
135,Edan,Anlay
136,Percival,Matveichev
137,Arlan,Norbury
138,Callean,Ralton
139,Lolly,Shopcott
140,Morganne,Maffy
141,Sarene,Martinez
142,Nerita,Jenyns
143,Alan,Lethcoe
144,Hally,Concannon
145,Ara,Ballinghall
146,Titos,Stoaks
147,Ranice,Maddern
148,Annalise,Peploe
149,Blaire,Piel
150,Powell,Bisiker
151,Agatha,Bembridge
152,Olivero,Boden
153,Ravid,Monshall
154,Padraig,Sibery
155,Harwell,Frissell
156,Alastair,Glasper
157,Lucien,Bahlmann
158,Nikolaos,Kyd
159,Walden,Stopforth
160,Elisabet,Fessler
161,Isidora,Vearncomb
162,Marni,Bunner
163,Ewart,Einchcombe
164,Dorthea,Yanuk
165,Erinn,Febvre
166,Oralia,Kleinschmidt
167,Dyann,Woolrich
168,Leyla,Franzolini
169,Garey,Van den Velde
170,Clemmie,Scottesmoor
171,Frances,Sparshutt
172,Mersey,Woolsey
173,Quill,Klein
174,Ade,Quartermaine
175,Farlee,Buttress
176,Lynnette,Francklin
177,Ronda,Crandon
178,Marcelline,Sambals
179,Latisha,Corkish
180,Brooke,Garnam
181,Westbrook,Renforth
182,Carree,Muglestone
183,Dwayne,Clorley
184,Valaria,Petrescu
185,Nikki,Maton
186,Lorilee,Prichard
187,Bronny,Treeby
188,Jose,Crathorne
189,Whitney,Keme
190,Marcellina,Fleckno
191,Cal,Stoven
192,Tracey,Upwood
193,Vannie,Prandin
194,Mollie,Billison
195,Bryan,Segoe
196,Teodoro,Killner
197,Kory,Rubenchik
198,Bernete,Freeth
199,Coreen,Bastow
200,Man,Gedge
